/*
SQLyog Ultimate v12.09 (64 bit)
MySQL - 5.7.16-log : Database - onelab.ph
*********************************************************************
*/

/*!40101 SET NAMES utf8 */;

/*!40101 SET SQL_MODE=''*/;

/*!40014 SET @OLD_UNIQUE_CHECKS=@@UNIQUE_CHECKS, UNIQUE_CHECKS=0 */;
/*!40014 SET @OLD_FOREIGN_KEY_CHECKS=@@FOREIGN_KEY_CHECKS, FOREIGN_KEY_CHECKS=0 */;
/*!40101 SET @OLD_SQL_MODE=@@SQL_MODE, SQL_MODE='NO_AUTO_VALUE_ON_ZERO' */;
/*!40111 SET @OLD_SQL_NOTES=@@SQL_NOTES, SQL_NOTES=0 */;
USE `onelab.ph`;

/*Table structure for table `tbl_auth_assignment` */

DROP TABLE IF EXISTS `tbl_auth_assignment`;

CREATE TABLE `tbl_auth_assignment` (
  `item_name` varchar(64) COLLATE utf8_unicode_ci NOT NULL,
  `user_id` varchar(64) COLLATE utf8_unicode_ci NOT NULL,
  `created_at` int(11) DEFAULT NULL,
  PRIMARY KEY (`item_name`,`user_id`),
  CONSTRAINT `tbl_auth_assignment_ibfk_1` FOREIGN KEY (`item_name`) REFERENCES `tbl_auth_item` (`name`) ON DELETE CASCADE ON UPDATE CASCADE
) ENGINE=InnoDB DEFAULT CHARSET=utf8 COLLATE=utf8_unicode_ci;

/*Data for the table `tbl_auth_assignment` */

insert  into `tbl_auth_assignment`(`item_name`,`user_id`,`created_at`) values ('Admin Personnel..','3',1502178285),('editor','2',1513439418),('Super-Administrator','1',1501212237);

/*Table structure for table `tbl_auth_item` */

DROP TABLE IF EXISTS `tbl_auth_item`;

CREATE TABLE `tbl_auth_item` (
  `name` varchar(64) COLLATE utf8_unicode_ci NOT NULL,
  `type` smallint(6) NOT NULL,
  `description` text COLLATE utf8_unicode_ci,
  `rule_name` varchar(64) COLLATE utf8_unicode_ci DEFAULT NULL,
  `data` blob,
  `created_at` int(11) DEFAULT NULL,
  `updated_at` int(11) DEFAULT NULL,
  PRIMARY KEY (`name`),
  KEY `rule_name` (`rule_name`),
  KEY `idx-auth_item-type` (`type`),
  CONSTRAINT `tbl_auth_item_ibfk_1` FOREIGN KEY (`rule_name`) REFERENCES `tbl_auth_rule` (`name`) ON DELETE SET NULL ON UPDATE CASCADE
) ENGINE=InnoDB DEFAULT CHARSET=utf8 COLLATE=utf8_unicode_ci;

/*Data for the table `tbl_auth_item` */

insert  into `tbl_auth_item`(`name`,`type`,`description`,`rule_name`,`data`,`created_at`,`updated_at`) values ('/admin/*',2,NULL,NULL,NULL,1501218014,1501218014),('/admin/assignment/*',2,NULL,NULL,NULL,1501218012,1501218012),('/admin/assignment/assign',2,NULL,NULL,NULL,1501218012,1501218012),('/admin/assignment/index',2,NULL,NULL,NULL,1501218012,1501218012),('/admin/assignment/revoke',2,NULL,NULL,NULL,1501218012,1501218012),('/admin/assignment/view',2,NULL,NULL,NULL,1501218012,1501218012),('/admin/default/*',2,NULL,NULL,NULL,1501218012,1501218012),('/admin/default/index',2,NULL,NULL,NULL,1501218012,1501218012),('/admin/menu/*',2,NULL,NULL,NULL,1501218012,1501218012),('/admin/menu/create',2,NULL,NULL,NULL,1501218012,1501218012),('/admin/menu/delete',2,NULL,NULL,NULL,1501218012,1501218012),('/admin/menu/index',2,NULL,NULL,NULL,1501218012,1501218012),('/admin/menu/update',2,NULL,NULL,NULL,1501218012,1501218012),('/admin/menu/view',2,NULL,NULL,NULL,1501218012,1501218012),('/admin/permission/*',2,NULL,NULL,NULL,1501218013,1501218013),('/admin/permission/assign',2,NULL,NULL,NULL,1501218013,1501218013),('/admin/permission/create',2,NULL,NULL,NULL,1501218012,1501218012),('/admin/permission/delete',2,NULL,NULL,NULL,1501218013,1501218013),('/admin/permission/index',2,NULL,NULL,NULL,1501218012,1501218012),('/admin/permission/remove',2,NULL,NULL,NULL,1501218013,1501218013),('/admin/permission/update',2,NULL,NULL,NULL,1501218012,1501218012),('/admin/permission/view',2,NULL,NULL,NULL,1501218012,1501218012),('/admin/role/*',2,NULL,NULL,NULL,1501218013,1501218013),('/admin/role/assign',2,NULL,NULL,NULL,1501218013,1501218013),('/admin/role/create',2,NULL,NULL,NULL,1501218013,1501218013),('/admin/role/delete',2,NULL,NULL,NULL,1501218013,1501218013),('/admin/role/index',2,NULL,NULL,NULL,1501218013,1501218013),('/admin/role/remove',2,NULL,NULL,NULL,1501218013,1501218013),('/admin/role/update',2,NULL,NULL,NULL,1501218013,1501218013),('/admin/role/view',2,NULL,NULL,NULL,1501218013,1501218013),('/admin/route/*',2,NULL,NULL,NULL,1501218013,1501218013),('/admin/route/assign',2,NULL,NULL,NULL,1501218013,1501218013),('/admin/route/create',2,NULL,NULL,NULL,1501218013,1501218013),('/admin/route/index',2,NULL,NULL,NULL,1501218013,1501218013),('/admin/route/refresh',2,NULL,NULL,NULL,1501218013,1501218013),('/admin/route/remove',2,NULL,NULL,NULL,1501218013,1501218013),('/admin/rule/*',2,NULL,NULL,NULL,1501218013,1501218013),('/admin/rule/create',2,NULL,NULL,NULL,1501218013,1501218013),('/admin/rule/delete',2,NULL,NULL,NULL,1501218013,1501218013),('/admin/rule/index',2,NULL,NULL,NULL,1501218013,1501218013),('/admin/rule/update',2,NULL,NULL,NULL,1501218013,1501218013),('/admin/rule/view',2,NULL,NULL,NULL,1501218013,1501218013),('/admin/user/*',2,NULL,NULL,NULL,1501218014,1501218014),('/admin/user/activate',2,NULL,NULL,NULL,1501218014,1501218014),('/admin/user/change-password',2,NULL,NULL,NULL,1501218014,1501218014),('/admin/user/delete',2,NULL,NULL,NULL,1501218013,1501218013),('/admin/user/index',2,NULL,NULL,NULL,1501218013,1501218013),('/admin/user/login',2,NULL,NULL,NULL,1501218013,1501218013),('/admin/user/logout',2,NULL,NULL,NULL,1501218013,1501218013),('/admin/user/request-password-reset',2,NULL,NULL,NULL,1501218013,1501218013),('/admin/user/reset-password',2,NULL,NULL,NULL,1501218014,1501218014),('/admin/user/signup',2,NULL,NULL,NULL,1501218013,1501218013),('/admin/user/update',2,NULL,NULL,NULL,1501807515,1501807515),('/admin/user/view',2,NULL,NULL,NULL,1501218013,1501218013),('/announcement/*',2,NULL,NULL,NULL,1501807537,1501807537),('/articles/*',2,NULL,NULL,NULL,1512694675,1512694675),('/articles/attachments/*',2,NULL,NULL,NULL,1512694673,1512694673),('/articles/attachments/create',2,NULL,NULL,NULL,1512694673,1512694673),('/articles/attachments/delete',2,NULL,NULL,NULL,1512694673,1512694673),('/articles/attachments/deletemultiple',2,NULL,NULL,NULL,1512694673,1512694673),('/articles/attachments/deleteonfly',2,NULL,NULL,NULL,1513390708,1513390708),('/articles/attachments/index',2,NULL,NULL,NULL,1512694673,1512694673),('/articles/attachments/update',2,NULL,NULL,NULL,1512694673,1512694673),('/articles/attachments/view',2,NULL,NULL,NULL,1512694673,1512694673),('/articles/categories/*',2,NULL,NULL,NULL,1512694674,1512694674),('/articles/categories/activemultiple',2,NULL,NULL,NULL,1512694674,1512694674),('/articles/categories/changestate',2,NULL,NULL,NULL,1512694674,1512694674),('/articles/categories/create',2,NULL,NULL,NULL,1512694673,1512694673),('/articles/categories/deactivemultiple',2,NULL,NULL,NULL,1512694674,1512694674),('/articles/categories/delete',2,NULL,NULL,NULL,1512694673,1512694673),('/articles/categories/deleteimage',2,NULL,NULL,NULL,1512694673,1512694673),('/articles/categories/deletemultiple',2,NULL,NULL,NULL,1512694673,1512694673),('/articles/categories/index',2,NULL,NULL,NULL,1512694673,1512694673),('/articles/categories/update',2,NULL,NULL,NULL,1512694673,1512694673),('/articles/categories/view',2,NULL,NULL,NULL,1512694673,1512694673),('/articles/default/*',2,NULL,NULL,NULL,1512694674,1512694674),('/articles/default/index',2,NULL,NULL,NULL,1512694674,1512694674),('/articles/items/*',2,NULL,NULL,NULL,1512694674,1512694674),('/articles/items/activemultiple',2,NULL,NULL,NULL,1512694674,1512694674),('/articles/items/changestate',2,NULL,NULL,NULL,1512694674,1512694674),('/articles/items/create',2,NULL,NULL,NULL,1512694674,1512694674),('/articles/items/deactivemultiple',2,NULL,NULL,NULL,1512694674,1512694674),('/articles/items/delete',2,NULL,NULL,NULL,1512694674,1512694674),('/articles/items/deleteimage',2,NULL,NULL,NULL,1512694674,1512694674),('/articles/items/deletemultiple',2,NULL,NULL,NULL,1512694674,1512694674),('/articles/items/index',2,NULL,NULL,NULL,1512694674,1512694674),('/articles/items/update',2,NULL,NULL,NULL,1512694674,1512694674),('/articles/items/view',2,NULL,NULL,NULL,1512694674,1512694674),('/articles/tags/*',2,NULL,NULL,NULL,1512694675,1512694675),('/articles/tags/activemultiple',2,NULL,NULL,NULL,1512694675,1512694675),('/articles/tags/changestate',2,NULL,NULL,NULL,1512694675,1512694675),('/articles/tags/create',2,NULL,NULL,NULL,1512694674,1512694674),('/articles/tags/deactivemultiple',2,NULL,NULL,NULL,1512694675,1512694675),('/articles/tags/delete',2,NULL,NULL,NULL,1512694674,1512694674),('/articles/tags/deletemultiple',2,NULL,NULL,NULL,1512694674,1512694674),('/articles/tags/index',2,NULL,NULL,NULL,1512694674,1512694674),('/articles/tags/update',2,NULL,NULL,NULL,1512694674,1512694674),('/articles/tags/view',2,NULL,NULL,NULL,1512694674,1512694674),('/dashboard/*',2,NULL,NULL,NULL,1513304855,1513304855),('/dashboard/disable',2,NULL,NULL,NULL,1513304855,1513304855),('/dashboard/enable',2,NULL,NULL,NULL,1513304855,1513304855),('/debug/*',2,NULL,NULL,NULL,1501218070,1501218070),('/debug/default/*',2,NULL,NULL,NULL,1501218070,1501218070),('/debug/default/db-explain',2,NULL,NULL,NULL,1501218070,1501218070),('/debug/default/download-mail',2,NULL,NULL,NULL,1501218070,1501218070),('/debug/default/index',2,NULL,NULL,NULL,1501218070,1501218070),('/debug/default/toolbar',2,NULL,NULL,NULL,1501218070,1501218070),('/debug/default/view',2,NULL,NULL,NULL,1501218070,1501218070),('/gii/*',2,NULL,NULL,NULL,1501218070,1501218070),('/gii/default/*',2,NULL,NULL,NULL,1501218070,1501218070),('/gii/default/action',2,NULL,NULL,NULL,1501218070,1501218070),('/gii/default/diff',2,NULL,NULL,NULL,1501218070,1501218070),('/gii/default/index',2,NULL,NULL,NULL,1501218070,1501218070),('/gii/default/preview',2,NULL,NULL,NULL,1501218070,1501218070),('/gii/default/view',2,NULL,NULL,NULL,1501218070,1501218070),('/gridview/*',2,NULL,NULL,NULL,1501807515,1501807515),('/gridview/export/*',2,NULL,NULL,NULL,1501807515,1501807515),('/gridview/export/download',2,NULL,NULL,NULL,1501807515,1501807515),('/help/*',2,NULL,NULL,NULL,1502269524,1502269524),('/help/access',2,NULL,NULL,NULL,1512953618,1512953618),('/help/create',2,NULL,NULL,NULL,1512953618,1512953618),('/help/delete',2,NULL,NULL,NULL,1512953618,1512953618),('/help/index',2,NULL,NULL,NULL,1512953617,1512953617),('/help/manual',2,NULL,NULL,NULL,1512953618,1512953618),('/help/postimage',2,NULL,NULL,NULL,1512953618,1512953618),('/help/search',2,NULL,NULL,NULL,1512953618,1512953618),('/help/show',2,NULL,NULL,NULL,1512953618,1512953618),('/help/update',2,NULL,NULL,NULL,1512953618,1512953618),('/help/view',2,NULL,NULL,NULL,1512953618,1512953618),('/imagemanager/*',2,NULL,NULL,NULL,1512963620,1512963620),('/imagemanager/default/*',2,NULL,NULL,NULL,1512963620,1512963620),('/imagemanager/default/index',2,NULL,NULL,NULL,1512963619,1512963619),('/imagemanager/manager/*',2,NULL,NULL,NULL,1512963620,1512963620),('/imagemanager/manager/crop',2,NULL,NULL,NULL,1512963620,1512963620),('/imagemanager/manager/delete',2,NULL,NULL,NULL,1512963620,1512963620),('/imagemanager/manager/get-original-image',2,NULL,NULL,NULL,1512963620,1512963620),('/imagemanager/manager/index',2,NULL,NULL,NULL,1512963620,1512963620),('/imagemanager/manager/upload',2,NULL,NULL,NULL,1512963620,1512963620),('/imagemanager/manager/view',2,NULL,NULL,NULL,1512963620,1512963620),('/maintenance/*',2,NULL,NULL,NULL,1512954238,1512954238),('/maintenance/maintenance/*',2,NULL,NULL,NULL,1512954238,1512954238),('/maintenance/maintenance/index',2,NULL,NULL,NULL,1512954238,1512954238),('/portal/*',2,NULL,NULL,NULL,1501218070,1501218070),('/portal/about',2,NULL,NULL,NULL,1501218070,1501218070),('/portal/customer',2,NULL,NULL,NULL,1501218070,1501218070),('/portal/index',2,NULL,NULL,NULL,1501218070,1501218070),('/portal/members',2,NULL,NULL,NULL,1501218070,1501218070),('/portal/newsfeed',2,NULL,NULL,NULL,1501218070,1501218070),('/portal/payment',2,NULL,NULL,NULL,1501218070,1501218070),('/portal/referral',2,NULL,NULL,NULL,1501218070,1501218070),('/portal/services',2,NULL,NULL,NULL,1501218070,1501218070),('/portal/support',2,NULL,NULL,NULL,1501218070,1501218070),('/post/*',2,NULL,NULL,NULL,1512542736,1512542736),('/post/create',2,NULL,NULL,NULL,1512542736,1512542736),('/post/delete',2,NULL,NULL,NULL,1512542736,1512542736),('/post/index',2,NULL,NULL,NULL,1512542735,1512542735),('/post/test',2,NULL,NULL,NULL,1513382157,1513382157),('/post/update',2,NULL,NULL,NULL,1512542736,1512542736),('/post/view',2,NULL,NULL,NULL,1512542736,1512542736),('/settings/*',2,NULL,NULL,NULL,1513396443,1513396443),('/settings/disable',2,NULL,NULL,NULL,1513396443,1513396443),('/settings/enable',2,NULL,NULL,NULL,1513396443,1513396443),('/settings/index',2,NULL,NULL,NULL,1513396443,1513396443),('/site/*',2,NULL,NULL,NULL,1502177684,1502177684),('/toplevel/*',2,NULL,NULL,NULL,1505361442,1505361442),('Access-Announcement',2,'This permission allow users to access announcement configuration module',NULL,NULL,1501807313,1508894282),('access-articles',2,'this permission allow users to access articles',NULL,NULL,1513428414,1513428414),('Access-GII',2,'This Permission allow users to view GII Tool',NULL,NULL,1501219266,1501219489),('Access-RBAC',2,'This permission allowed user to access RBAC',NULL,NULL,1501230603,1501230603),('admin',1,'Can create, publish all, update all, delete all, view and admin grid articles',NULL,NULL,1512694255,1512694255),('Admin Personnel..',1,'Accounting Personnel that will handles operation regarding Finance matter',NULL,NULL,1502178061,1511830698),('Administrator',1,'This is the adminstrator role',NULL,NULL,1501205000,1501205000),('Allow Maintenance',2,'This permission allow users to put the system to maintenance mode',NULL,NULL,1513304921,1513304921),('Allow-System-Settings',2,'This Permission allow users to access System Settings Page',NULL,NULL,1513651012,1513651012),('Articles-Change-State',2,'Allows user to change article State',NULL,NULL,1513411449,1513411449),('articles-create-categories',2,'Can create categories',NULL,NULL,1512694255,1512694255),('articles-create-items',2,'Can create articles',NULL,NULL,1512694255,1512694255),('articles-delete-all-items',2,'Can delete all articles',NULL,NULL,1512694255,1512694255),('articles-delete-categories',2,'Can delete all categories',NULL,NULL,1512694255,1512694255),('articles-delete-his-items',2,'Can delete his articles',NULL,NULL,1512694255,1512694255),('articles-index-all-items',2,'Can view all articles admin grid',NULL,NULL,1512694255,1512694255),('articles-index-categories',2,'Can view categories admin grid',NULL,NULL,1512694255,1512694255),('articles-index-his-items',2,'Can view his articles admin grid',NULL,NULL,1512694255,1512694255),('articles-publish-all-items',2,'Can publish all articles',NULL,NULL,1512694255,1512694255),('articles-publish-categories',2,'Can publish categories',NULL,NULL,1512694255,1512694255),('articles-publish-his-items',2,'Can publish his articles',NULL,NULL,1512694255,1512694255),('articles-update-all-items',2,'Can update all articles',NULL,NULL,1512694255,1512694255),('articles-update-categories',2,'Can update all categories',NULL,NULL,1512694255,1512694255),('articles-update-his-items',2,'Can update his articles',NULL,NULL,1512694255,1512694255),('articles-update-tags',2,'This Permission allow updates on tags',NULL,NULL,1512700161,1512700161),('articles-view-categories',2,'Can view categories',NULL,NULL,1512694255,1512694255),('articles-view-items',2,'Can view articles',NULL,NULL,1512694255,1512694255),('author',1,'Can create and update his articles and view',NULL,NULL,1512694255,1512694255),('Create-Items',1,'This role allow to create new article',NULL,NULL,1512978987,1512978987),('Developer',2,'This permission allows users to access Debug features for system',NULL,NULL,1502238873,1502239274),('editor',1,'Can create, publish all articles, update all articles, delete his articles, view and admin grid articles',NULL,NULL,1512694255,1512694255),('Guest',1,'This the Guest Role and the default role for unregistered users',NULL,NULL,1501205064,1502175279),('ImageManager-DeleteImage',2,'Can Remove/Delete image from Image Manager',NULL,NULL,1512964017,1512964017),('ImageManager-UploadImage',2,'This permission will allow user to upload image',NULL,NULL,1512964474,1512964474),('public',1,'User not Logged',NULL,NULL,1512694255,1512694255),('publisher',1,'Can create, publish his articles, update all articles, view and admin grid his articles',NULL,NULL,1512694255,1512694255),('registered',1,'User Logged',NULL,NULL,1512694255,1512694255),('Super-Administrator',1,'This is the Super Administrator role',NULL,NULL,1501205040,1513411553),('Top Level Personnel',1,'This role can view all data analytics for all the OneLab applications',NULL,NULL,1505361502,1505361502),('Writer',2,'This permission allows user to write post for news feed',NULL,NULL,1512520920,1512520920);

/*Table structure for table `tbl_auth_item_child` */

DROP TABLE IF EXISTS `tbl_auth_item_child`;

CREATE TABLE `tbl_auth_item_child` (
  `parent` varchar(64) COLLATE utf8_unicode_ci NOT NULL,
  `child` varchar(64) COLLATE utf8_unicode_ci NOT NULL,
  PRIMARY KEY (`parent`,`child`),
  KEY `child` (`child`),
  CONSTRAINT `tbl_auth_item_child_ibfk_1` FOREIGN KEY (`parent`) REFERENCES `tbl_auth_item` (`name`) ON DELETE CASCADE ON UPDATE CASCADE,
  CONSTRAINT `tbl_auth_item_child_ibfk_2` FOREIGN KEY (`child`) REFERENCES `tbl_auth_item` (`name`) ON DELETE CASCADE ON UPDATE CASCADE
) ENGINE=InnoDB DEFAULT CHARSET=utf8 COLLATE=utf8_unicode_ci;

/*Data for the table `tbl_auth_item_child` */

insert  into `tbl_auth_item_child`(`parent`,`child`) values ('Access-RBAC','/admin/*'),('Super-Administrator','/admin/*'),('Guest','/admin/user/request-password-reset'),('Access-Announcement','/announcement/*'),('articles-delete-all-items','/articles/attachments/deleteonfly'),('articles-delete-his-items','/articles/attachments/deleteonfly'),('articles-create-items','/articles/attachments/index'),('articles-create-items','/articles/attachments/update'),('articles-create-items','/articles/attachments/view'),('articles-create-categories','/articles/categories/create'),('articles-delete-categories','/articles/categories/delete'),('articles-delete-categories','/articles/categories/deleteimage'),('articles-delete-categories','/articles/categories/deletemultiple'),('articles-index-categories','/articles/categories/index'),('articles-update-categories','/articles/categories/index'),('articles-update-categories','/articles/categories/update'),('articles-index-categories','/articles/categories/view'),('articles-update-categories','/articles/categories/view'),('Articles-Change-State','/articles/items/changestate'),('articles-create-items','/articles/items/create'),('Create-Items','/articles/items/create'),('articles-delete-all-items','/articles/items/delete'),('articles-delete-his-items','/articles/items/delete'),('articles-delete-all-items','/articles/items/deleteimage'),('articles-delete-all-items','/articles/items/deletemultiple'),('articles-index-all-items','/articles/items/index'),('articles-index-his-items','/articles/items/index'),('articles-update-all-items','/articles/items/update'),('articles-view-items','/articles/items/update'),('articles-view-items','/articles/items/view'),('Guest','/articles/tags/*'),('articles-update-tags','/articles/tags/index'),('articles-update-tags','/articles/tags/update'),('articles-update-tags','/articles/tags/view'),('Developer','/debug/*'),('Access-GII','/gii/*'),('Guest','/gridview/export/*'),('Guest','/help/*'),('Super-Administrator','/help/*'),('Guest','/maintenance/*'),('Admin Personnel..','/portal/*'),('Guest','/portal/*'),('Guest','/portal/index'),('Guest','/portal/newsfeed'),('Allow Maintenance','/settings/*'),('Allow-System-Settings','/settings/*'),('Guest','/site/*'),('Super-Administrator','/site/*'),('Top Level Personnel','/toplevel/*'),('Admin Personnel..','Access-Announcement'),('Administrator','Access-Announcement'),('Super-Administrator','Access-Announcement'),('admin','access-articles'),('Administrator','access-articles'),('author','access-articles'),('editor','access-articles'),('publisher','access-articles'),('Developer','Access-GII'),('Super-Administrator','Access-GII'),('Administrator','Access-RBAC'),('Super-Administrator','Access-RBAC'),('Super-Administrator','Administrator'),('Super-Administrator','Allow Maintenance'),('admin','Allow-System-Settings'),('author','Allow-System-Settings'),('editor','Allow-System-Settings'),('admin','articles-create-categories'),('Administrator','articles-create-categories'),('editor','articles-create-categories'),('admin','articles-create-items'),('Administrator','articles-create-items'),('author','articles-create-items'),('editor','articles-create-items'),('publisher','articles-create-items'),('admin','articles-delete-all-items'),('Administrator','articles-delete-all-items'),('admin','articles-delete-categories'),('Administrator','articles-delete-categories'),('admin','articles-index-all-items'),('Administrator','articles-index-all-items'),('Guest','articles-index-all-items'),('admin','articles-index-categories'),('Administrator','articles-index-categories'),('author','articles-index-categories'),('editor','articles-index-categories'),('publisher','articles-index-categories'),('author','articles-index-his-items'),('editor','articles-index-his-items'),('publisher','articles-index-his-items'),('admin','articles-publish-all-items'),('Administrator','articles-publish-all-items'),('admin','articles-publish-categories'),('Administrator','articles-publish-categories'),('publisher','articles-publish-his-items'),('admin','articles-update-all-items'),('Administrator','articles-update-all-items'),('admin','articles-update-categories'),('Administrator','articles-update-categories'),('editor','articles-update-categories'),('author','articles-update-his-items'),('editor','articles-update-his-items'),('publisher','articles-update-his-items'),('Administrator','articles-update-tags'),('editor','articles-update-tags'),('admin','articles-view-categories'),('Administrator','articles-view-categories'),('author','articles-view-categories'),('publisher','articles-view-categories'),('admin','articles-view-items'),('Administrator','articles-view-items'),('author','articles-view-items'),('editor','articles-view-items'),('Guest','articles-view-items'),('publisher','articles-view-items'),('Super-Administrator','Developer'),('Administrator','ImageManager-DeleteImage'),('editor','ImageManager-DeleteImage'),('Administrator','ImageManager-UploadImage'),('editor','ImageManager-UploadImage'),('Super-Administrator','Top Level Personnel'),('Super-Administrator','Writer');

/*Table structure for table `tbl_auth_rule` */

DROP TABLE IF EXISTS `tbl_auth_rule`;

CREATE TABLE `tbl_auth_rule` (
  `name` varchar(64) COLLATE utf8_unicode_ci NOT NULL,
  `data` blob,
  `created_at` int(11) DEFAULT NULL,
  `updated_at` int(11) DEFAULT NULL,
  PRIMARY KEY (`name`)
) ENGINE=InnoDB DEFAULT CHARSET=utf8 COLLATE=utf8_unicode_ci;

/*Data for the table `tbl_auth_rule` */

/*Table structure for table `tbl_menu` */

DROP TABLE IF EXISTS `tbl_menu`;

CREATE TABLE `tbl_menu` (
  `id` int(11) NOT NULL AUTO_INCREMENT,
  `name` varchar(128) NOT NULL,
  `parent` int(11) DEFAULT NULL,
  `route` varchar(255) DEFAULT NULL,
  `order` int(11) DEFAULT NULL,
  `data` blob,
  PRIMARY KEY (`id`),
  KEY `parent` (`parent`),
  CONSTRAINT `tbl_menu_ibfk_1` FOREIGN KEY (`parent`) REFERENCES `tbl_menu` (`id`) ON DELETE SET NULL ON UPDATE CASCADE
) ENGINE=InnoDB DEFAULT CHARSET=utf8;

/*Data for the table `tbl_menu` */

/*!40101 SET SQL_MODE=@OLD_SQL_MODE */;
/*!40014 SET FOREIGN_KEY_CHECKS=@OLD_FOREIGN_KEY_CHECKS */;
/*!40014 SET UNIQUE_CHECKS=@OLD_UNIQUE_CHECKS */;
/*!40111 SET SQL_NOTES=@OLD_SQL_NOTES */;
